title,available,purchase_price,sale_price,stock,image,unit,sub_category,tags
Red Capsicum-سرخ شملہ مرچ,,249,249,50,,8,3,
Yellow Capsicum-پیلا شملہ مرچ,,276,276,50,,8,3,
Avocado  (ایواکاڈو),,754,754,50,,8,3,
Broccoli - بروکلی,,221,221,50,,3,3,
Water Chestnut Singara- سنگارا,,55,55,50,,3,3,
Peas - مٹر,,109,109,50,,3,3,
Onion - پیاز,,225,225,50,,7,3,
Cucumber - کھیرا,,33,33,50,,3,3,
Ginger  - ادرک,,109,109,50,,9,3,
Garlic لہسن,,89,89,50,,9,3,
Tomato (ٹماٹر),,229,229,50,,7,3,
Coriander - دھنیا,,29,29,50,,10,3,
Desi Green Chilli - سبز مرچ,,52,52,50,,9,3,
Mint Leaves - پودینہ,,10,10,50,,10,3,
China Lemon (لیموں),,22,22,50,,9,3,
Carrot - گاجر,,39,39,50,,3,3,
Potato -  (new),,109,109,50,,7,3,
Capsicum -  شملہ مرچ,,45,45,50,,3,3,
Cabbage - بند گوبھی,,95,95,50,,4,3,
Green onion - ہری پیاز,,59,59,50,,9,3,
Lady Finger - بھنڈی,,110,110,50,,3,3,
Green Chilli Farmi - سبز مرچ,,42,42,50,,9,3,
Aubergine - بینگن,,39,39,50,,3,3,
Spinach -  پالک,,95,95,50,,7,3,
Cauliflower - پھول گوبھی,,65,65,50,,13,3,
Lettuce Leaves - سلاد پتّہ,,16,16,50,,10,3,
Beetroot - چقندر,,42,42,50,,3,3,
Turnip - شلجم,,49,49,50,,7,3,
Bitter Gourd,,55,55,50,,3,3,
Ghia pumpkin - گھیا کدو,,85,85,50,,7,3,
Sweet Potatoes-شکر قندی,,125,125,50,,7,3,
Arvi - اروی,,79,79,50,,3,3,
Chinese Carrot- گاجر,,89,89,50,,3,3,
Radish white- مولی سفید۔,,45,45,50,,7,3,
Iceberg Lettuce (آئس برگ لیٹش),,70,70,50,,3,3,
Farmi Tinday (فارمی ٹنڈے),,42,42,50,,3,3,
Corn (سیٹا)6,,49,49,50,,7,3,
Phalian 500gm,,69,69,50,,3,3,
Fenugreek - میتھی,,55,55,50,,7,3,
Desi Tindy,,125,125,50,,3,3,
Maru Kaddu -کدو,,69,69,50,,7,3,
Moongray-مونگری,,59,59,50,,3,3,
Saag - ساگ,,55,55,50,,7,3,
Pumpkin حلوہ کدو (Approx. Weight 2 kg),,179,179,50,,6,3,
Purple Cabbage - لال گوبّی,,225,225,50,,7,3,
Banana - کیلا,,125,125,50,,11,1,
Apple kala kullu (سیب کالا کلو),,309,309,50,,7,1,
Musammi - مسمی,,99,99,50,,11,1,
Papaya - پپیتہ (unit 500gm and above),,119,119,50,,6,1,
Grapefruit - چکوترا,,30,30,50,,6,1,
Kinnow Polish - کنو,,149,149,50,,11,1,
Kiwi (کیوی) (Approx. 480 G to 510 G),,279,279,50,,3,1,
Guava-امرود,,139,139,50,,7,1,
Fruiter - فروٹر,,239,239,50,,12,1,
Chiku-چیکو,,125,125,50,,3,1,
Apple Shin Kulu (سیب شن کولو),,245,245,50,,7,1,
Grapes Tofi,,199,199,50,,3,1,
Pomegranate Red - انار,,359,359,50,,4,1,
Tamarind - املی(Box),,369,369,50,,9,1,
Nestle Nesvita Move Plus,,245,245,50,,13,5,
1Ltr Adams Milk Pasteurized,,174,174,50,,13,5,
Nestle MILK PAK 250mlx27 case,,1620,1620,50,,6,5,
Olpers Full Cream Milk 1 Litre,,220,220,50,,13,5,
1.5Ltr Olpers Full Cream Milk,,310,310,50,,14,5,
Olper Milk Carton 1Ltr x12,,2640,2640,50,,6,5,
Nestle Milk Pak Full Cream Milk 250ml,,60,60,50,,15,5,
Nestle MILK PAK 1Lx12 case,,2640,2640,50,,6,5,
1Ltr Prema Milk,,238,238,50,,13,5,
Olpers Milk Pouch Carton (250ml x28),,1680,1680,50,,6,5,
Olpers Full Cream Milk 250ml Pouch,,60,60,50,,15,5,
Olpers Full Cream Milk 250ml,,60,60,50,,15,5,
Nestle Everyday Liquid Tea Whitener 180ML,,40,40,50,,16,5,
Nurpur Milk Pouch Carton 24x250ml,,1440,1440,50,,6,5,
1.5Ltr Nurpur Milk,,315,315,50,,6,5,
Nurpur Milk Pouch,,60,60,50,,15,5,
Nestle Everyday Original Powder Tea Whitener,,1340,1340,50,,17,5,
Nurpur Milk,,220,220,50,,13,5,
Nurpur Milk Liter Carton 1*12,,2640,2640,50,,6,5,
Nestle Everyday Original,,700,700,50,,18,5,
Polac Sweetened Condensed Filled Milk,,225,225,50,,19,5,
Nurpur Milk Carton 1.5LtrX8,,2480,2480,50,,6,5,
Nestle Milk Pak Full Cream,,220,220,50,,13,5,
Nestle Nido Growth 900gm,,1350,1350,50,,6,5,
Abbotts Glucerna Chocolate 400 gm,,2200,2200,50,,20,5,
Dawn Bread Plain Large 725g,,180,180,50,,6,5,
Dawn Bran Bread 340g,,120,120,50,,6,5,
Dawn Burger Bun (4 Pieces),,90,90,50,,6,5,
Dawn Bread Plain Small 340g,,90,90,50,,6,5,
Dawn Milky Bread Family Pack 725g,,180,180,50,,21,5,
Dawn Milky Bread Regular Pack 340g,,90,90,50,,6,5,
Dawn Burger Bun (2 Pieces),,50,50,50,,6,5,
Dawn Shawarma Bread (4 Pieces),,80,80,50,,6,5,
Dawn Multigrain Bread 340g,,135,135,50,,6,5,
Dawn Whole Wheat Bread 340g,,120,120,50,,6,5,
Dawn Fruit Bun 90g,,35,35,50,,6,5,
Bunnys Plain Bread Large,,180,180,50,,21,5,
Bunnys Milky Bread Large,,180,180,50,,21,5,
Dawn Bread Crumbs 200g,,110,110,50,,6,5,
Dawn Sheermal 120g,,45,45,50,,6,5,
Bunnys Milky Bread Small,,90,90,50,,22,5,
Bunnys Plain Bread Small,,90,90,50,,22,5,
Bunny's Bread Crumbs,,120,120,50,,6,5,
Dawn Bread Tortilla Wrap (8 Pieces),,320,320,50,,6,5,
Dawn Bread Crumbs 1kg,,270,270,50,,4,5,
Milk Pak Dairy Cream 200ml,,170,170,50,,24,25,
200ml Olper Cream,,150,150,50,,24,25,
Nurpur Butter,,230,230,50,,25,25,
Blue Band Margarine,,270,270,50,,26,25,
Adams Salted Butter,,349,349,50,,27,25,
Blue Band Margarine Spread,,690,690,50,,28,25,
Blue Band Margarine Spread,,130,130,50,,29,25,
Adams Salted Butter,,199,199,50,,25,25,
Blue Band Margarine Spread,,70,70,50,,30,25,
Nurpur Unsalted Butter,,375,375,50,,27,25,
Nurpur butter,,380,380,50,,27,25,
MILKPAK Salted Dairy Butter 100g,,215,215,50,,25,25,
Blue Band Margarine Spread 25gm,,38,38,50,,31,25,
Nurpur Dairy Cream,,145,145,50,,24,25,
MILKPAK Unsalted Dairy Butter 200g,,360,360,50,,27,25,
Nestle MILKPAK Breakfast Cream,,158,158,50,,16,25,
Adams Butter,,104,104,50,,30,25,
Prema Butter,,399,399,50,,32,25,
Alshifa Black Forest Honey,,1310,1310,50,,9,25,
American Garden Strawberry Syrup,,625,625,50,,33,25,
Youngs Chocolate Spread,,400,400,50,,34,25,
Youngs Chicken Spread,,575,575,50,,1,25,
Youngs Choco Bliss Milk Chocolate Spread,,500,500,50,,18,25,
National Mango Jam,,270,270,50,,35,25,
National Mixed Fruit Jam,,270,270,50,,35,25,
Youngs Chicken Spread,,1030,1030,50,,13,25,
Choco Bliss Hazelnut Chocolate Spread,,610,610,50,,18,25,
Youngs Bar-B-Que Chicken Spread Pouch,,270,270,50,,24,25,
National Apple Jam,,270,270,50,,35,25,
Youngs Sandwich Spread,,200,200,50,,24,25,
Youngs Chocolaty Spread,,235,235,50,,36,25,
Youngs Honey Natural Glass Jar,,220,220,50,,37,25,
Youngs Maska Breakfast Spread With Real Butter Pouch,,240,240,50,,27,25,
Youngs Honey Natural Glass Jar,,390,390,50,,9,25,
National Marmalade Orange,,240,240,50,,35,25,
Mitchells Golden Mist Marmlade,,245,245,50,,38,25,
Youngs Bee Hive Honey Bottle,,520,520,50,,9,25,
Al-Shifa Natural Honey & Natural Honey Free ( 125 gm ),,1850,1850,50,,3,25,
Youngs Chicken Spread Bar-B-Que,,600,600,50,,1,25,
Youngs Sandwich Spread Pouch,,445,445,50,,1,25,
Alshifa Natural Honey,,510,510,50,,37,25,
Alshifa Natural Honey,,740,740,50,,9,25,
Alba Mix Fruit Jam,,395,395,50,,39,25,
Alba Black Currant Jam,,395,395,50,,39,25,
American Garden Pancake Syrup Original,,650,650,50,,40,25,
Salmans Strawberry Topping,,458,458,50,,41,25,
Alshifa Black Forest Honey,,2250,2250,50,,3,25,
American Garden Pancake Syrup Original,,850,850,50,,42,25,
Alshifa Acacia Honey,,1310,1310,50,,9,25,
Youngs Bee Hives Sidr Honey Glass Jar,,1450,1450,50,,43,25,
American Garden Caramel Syrup,,675,675,50,,33,25,
Langnese Black Forest Honey,,1450,1450,50,,9,25,
National Mix Fruit Jam Chunky with Fruit Chunks,,465,465,50,,44,25,
National Strawberry Jam Chunky with Fruit Chunks,,465,465,50,,44,25,
National Apple Jam Chunky with Fruit Chunks,,465,465,50,,44,25,
Fauji Barley Porridge,,235,235,50,,9,17,
Fauji Corn Flakes,,380,380,50,,45,17,
Fauji Corn Flakes,,640,640,50,,3,17,
Fauji Muesli Nuts Fruits & Flakes,,520,520,50,,9,17,
Fauji Corn Flour,,120,120,50,,46,17,
Fauji Corn Flakes,,395,395,50,,9,17,
Fauji Barley Porridge,,160,160,50,,47,17,
Fauji Wheat Porridge,,200,200,50,,9,17,
Fauji Wheat Porridge,,120,120,50,,47,17,
Fauji Choco Rings,,495,495,50,,9,17,
Fauji Frootooz Fruit Ringlets,,580,580,50,,9,17,
Fauji Chocolate Pops,,495,495,50,,9,17,
Fauji Choco Stars,,495,495,50,,9,17,
Natures Own Barley Porridge,,375,375,50,,3,17,
Fauji Bran Flakes,,540,540,50,,9,17,
Fauji Choco Cups,,495,495,50,,9,17,
Fauji Honey Cornflakes,,450,450,50,,9,17,
Fauji Honey Pops,,370,370,50,,9,17,
Dawn Crispy Rusk Large 400g,,190,190,50,,20,17,
Dawn Bakarkhani Sugar Coated,,20,20,50,,6,17,
BAKETIME - MARBLE SLICES -BOX,,180,180,50,,6,17,
Bunnys plain Rusk Large,,200,200,50,,20,17,
Dawn Crispy Rusk Small,,110,110,50,,6,17,
Bunnys Plain Queen Cake Box,,150,150,50,,6,17,
Dawn Cake Way Plain Cake 200g,,140,140,50,,27,17,
Dawn Cake Way Fruit Cake 100g,,80,80,50,,22,17,
Dawn Cake Way Fruit Cake 200g,,140,140,50,,21,17,
Dawn Cakeway Plain Cake 100g,,75,75,50,,22,17,
Bunnys Baqar Khani,,75,75,50,,6,17,
Bunnys Rusk Standard,,110,110,50,,23,17,
Dawn Bran Rusk 190g,,100,100,50,,32,17,
BAKETIME - CHOCOLATE SLICES -BOX,,180,180,50,,6,17,
BAKETIME - PLAIN SLICES -BOX,,180,180,50,,6,17,
Bunny&#039;s Plain Rusk,,110,110,50,,23,17,
Bunnys Cake Rusk 80gm,,75,75,50,,48,17,
Dawn Cake Rusk 230g,,160,160,50,,6,17,
Dawn Chocolate Cupcake Box (6 Pieces),,120,120,50,,49,17,
Dawn Plain Cupcake Box (6 Pieces),,120,120,50,,49,17,
Bunnys Plain Cake Small,,95,95,50,,25,17,
Bunny&#039;s Plain Cake Large,,140,140,50,,47,17,
Dawn Mango Cupcake Box (6 Pieces),,120,120,50,,6,17,
Dawn Puff Up French Heart 100g,,90,90,50,,25,17,
Dawn Baqar khaani 100gm,,65,65,50,,6,17,
Bunny&#039;s Fruit Cake Small,,95,95,50,,25,17,
Dawn Strawberry Cupcake Box (6 Pieces),,120,120,50,,49,17,
Dawn Cake Rusk 6 Pieces (80g),,70,70,50,,48,17,
Dawn Vanilla Muffins (12 Pieces),,180,180,50,,50,17,
Bunnys Fruit Cake Large,,155,155,50,,47,17,
BAKETIME - FRUIT SLICES -BOX,,180,180,50,,6,17,
Bunnys Queen Cake Mango Box,,150,150,50,,6,17,
Dawn Pineapple Cupcake Box (6 Pieces),,120,120,50,,49,17,
Bunny's Cake Rusk,,220,220,50,,6,17,
Dawn Bread Muffins Strawberry,,175,175,50,,50,17,
Bunnys Queen Cake Chocolate Box,,150,150,50,,6,17,
Bunny's Bran Rusk,,130,130,50,,6,17,
Dawn Zeera Rusk 190g,,100,100,50,,32,17,
Dawn cake way vanilla cake slices,,185,185,50,,49,17,
Dawn Bread Muffins Mango,,175,175,50,,50,17,
Bunny's Queen Cake Pineapple Box,,150,150,50,,49,17,
Bunny&#039;s Queen Cake Strawberry Box,,150,150,50,,6,17,
Rafhan Corn Oil 5 Litre Tin,,4550,4550,50,,51,29,
Rafhan Corn Oil 3 Litre Tin,,2799,2799,50,,52,29,
Seasons Canola Oil 3 Litre Bottle,,1695,1695,50,,52,29,
Sufi Canola Oil 3 Litre Bottle,,1695,1695,50,,52,29,
Sufi Canola Oil 4.5 Litre Bottle,,2555,2555,50,,53,29,
Rafhan Corn Oil 3 Litre Bottle,,2899,2899,50,,52,29,
Rafhan Corn Oil 1 Litre Bottle,,1050,1050,50,,13,29,
Dalda Cooking Oil Carton (1KG x5),,2650,2650,50,,6,29,
Dalda Cooking Oil 1 Litre Pouch,,530,530,50,,13,29,
Sufi Canola Oil Carton (1KG x5),,2650,2650,50,,6,29,
Dalda Banaspati Ghee 1Kg Pouch,,519,519,50,,7,29,
Sufi Canola Oil 1 Litre Pouch,,530,530,50,,13,29,
Dalda Banaspati Ghee Carton (1KG x5),,2595,2595,50,,6,29,
Sufi Banaspati Ghee 1KG,,535,535,50,,7,29,
Sufi Banaspati (1x5) Carton,,2675,2675,50,,6,29,
Sufi Sunflower Oil 1 Litre Pouch,,550,550,50,,13,29,
Dalda Cooking Oil 3 Litre,,1730,1730,50,,52,29,
Habib Pure Cooking Oil 1 Litre,,560,560,50,,13,29,
Dalda Cooking Oil 4.5 Litre,,2499,2499,50,,53,29,
Seasons Canola Oil 1 Litre Pouch,,539,539,50,,13,29,
Dalda Canola Oil 1 Litre,,565,565,50,,13,29,
Habib Cooking Oil Carton (1KG x5),,2800,2800,50,,6,29,
Canolive Cooking Oil 1 Litre Pouch,,590,590,50,,6,29,
Habib Banaspati Ghee 1Kg,,558,558,50,,7,29,
Adams Desi Ghee 1KG,,1450,1450,50,,7,29,
Adam's Desi Ghee 500g,,750,750,50,,3,29,
Seasons Canola Oil Carton (1KG x5),,2695,2695,50,,13,29,
Dalda Sunflower Oil 1 Litre,,550,550,50,,13,29,
Dalda Cooking Oil 5 Litre Tin,,2695,2695,50,,51,29,
Dalda Banaspati Ghee 5KG,,2650,2650,50,,54,29,
Dalda Canola Oil 3 Litre,,1680,1680,50,,52,29,
Seasons Canola Oil 4.5 Litre Bottle,,2600,2600,50,,53,29,
Dalda Planta Cooking Oil 1 Litre,,539,539,50,,13,29,
Dalda Cooking Oil 2.5 Litre Tin,,1450,1450,50,,55,29,
Kausar Banaspati Pouch,,510,510,50,,7,29,
Dalda Canola Oil 4.5 Litre,,2675,2675,50,,53,29,
Habib Vtf Banaspati Carton (1KG x5),,2690,2690,50,,6,29,
Dalda Planta Cooking Oil 3 Litre,,1750,1750,50,,52,29,
Dalda Canola Oil Carton (1KG x5),,2750,2750,50,,6,29,
Dalda Sunflower Oil 3 Litre,,1750,1750,50,,52,29,
Sufi Banaspati Tin,,2650,2650,50,,54,29,
Dalda Sunflower Oil 4.5 Litre,,2650,2650,50,,56,29,
Hadi Mustard Oil,,135,135,50,,57,29,
Alba 100% Spanish Pomace Olive Oil,,5500,5500,50,,58,29,
Pak Desi Ghee 1KG Tin,,1420,1420,50,,7,29,
Dalda Planta Cooking Oil Carton (1KG x5),,2695,2695,50,,6,29,
Hadi Mustard Oil,,70,70,50,,59,29,
Pak Desi Ghee 500g Tin,,730,730,50,,3,29,
Pak Desi Ghee 250g Pouch,,375,375,50,,9,29,
Hadi Mustard Oil,,285,285,50,,1,29,
Pak Desi Ghee 1KG Pouch,,1420,1420,50,,7,29,
Adams Desi Ghee 2.5KG,,3450,3450,50,,60,29,
Alba Pomace Olive Oil,,510,510,50,,15,29,
Pak Desi Ghee 500g Pouch,,730,730,50,,3,29,
Dalda Sunflower Oil Carton (1KG x5),,2850,2850,50,,6,29,
Sufi Sunflower Oil 1 Litre Standing Pouch,,560,560,50,,13,29,
Tullo Banaspati Ghee Carton (1KG x5),,2475,2475,50,,6,29,
Mundial Olive Pomace Oil 250ml Bottle,,450,450,50,,15,29,
Canolive Canola Oil 3 Litre Bottle,,1925,1925,50,,52,29,
Mundial Almond Oil,,525,525,50,,15,29,
Organic 100% Natural Coconut Oil,,595,595,50,,24,29,
Habib Soybean Oil 4.5 Litre Bottle,,2475,2475,50,,53,29,
Luglio Olive Oil Pomance,,615,615,50,,1,29,
Mundial Olive Pomace Oil Bottle,,495,495,50,,15,29,
Sasso Extra Virgin Olive Oil 250ml Bottle,,1095,1095,50,,15,29,
Luglio Pomace Olive Oil,,365,365,50,,15,29,
Organic 100% Natural Coconut Oil,,1120,1120,50,,1,29,
Sasso Extra Virgin Olive Oil,,1750,1750,50,,1,29,
WHITE CUMIN SEED,,170,170,50,,25,31,
Imli,,140,140,50,,27,31,
CORIANDER WHOLE,,85,85,50,,25,31,
Fennel Seed (Sonf),,275,275,50,,27,31,
GARAM MASALA POWDER,,240,240,50,,25,31,
BLACK PEPPER POWDER,,220,220,50,,25,31,
Chaat Masala,,215,215,50,,27,31,
Teez Pata,,120,120,50,,25,31,
National Bombay Biryani,,185,185,50,,61,31,
WHITE CUMIN POWDER,,210,210,50,,25,31,
Fenugreek Dry (Methi Khushk),,35,35,50,,25,31,
National Qeema Masala Mix,,80,80,50,,30,31,
Clove,,210,210,50,,30,31,
ANAR DANA KHATA,,255,255,50,,27,31,
Kalonj,,210,210,50,,27,31,
Klim Thyme Leaves,,105,105,50,,62,31,
CINAMON STICKS,,225,225,50,,27,31,
RED CHILLI WHOLE,,260,260,50,,27,31,
Khashkash,,215,215,50,,27,31,
Plum Sweet,,210,210,50,,27,31,
WHITE PEPPER WHOLE,,225,225,50,,25,31,
JAIFEL,,115,115,50,,30,31,
GREEN CARDAMOM,,1120,1120,50,,25,31,
WHITE PEPPER POWDER,,275,275,50,,25,31,
CLOVE,,255,255,50,,25,31,
Klim Ground White Pepper,,135,135,50,,31,31,
Rite Salt,,65,65,50,,25,31,
National Refined Salt,,45,45,50,,63,31,
Sugar 1kg Moiz Foods,,115,115,50,,7,31,
White Cumin Seed - سفید زیرہ,,175,175,50,,25,31,
National Iodized Salt,,45,45,50,,63,31,
Turmeric Powder - ہلدی پاؤڈر,,65,65,50,,25,31,
Tamarind imli - املی,,65,65,50,,25,31,
Coriander Whole - ثابت دھنیا,,99,99,50,,25,31,
Black Pepper Whole - کالی مرچ ثابت,,210,210,50,,25,31,
Coriander Powder - دھنیا پاؤڈر,,85,85,50,,25,31,
National Biryani Masala Mix,,85,85,50,,64,31,
National Iodized Pink Himalayan Salt,,55,55,50,,63,31,
Cinnamon Sticks,,75,75,50,,30,31,
Sugar 2kg Moiz Foods,,230,230,50,,65,31,
National Chat Masala,,100,100,50,,25,31,
National Chat Masala,,55,55,50,,30,31,
Shan Salt Himalayan Pink,,80,80,50,,63,31,
Ajwain - اجوائن,,50,50,50,,25,31,
Khalis Food Pomegranate Seed (Anaar Dana),,60,60,50,,25,31,
Gur Jaggery,,110,110,50,,3,31,
Big Cardamom - بڑی الائچی,,199,199,50,,30,31,
Ginger (Adrak) Powder - ادرک پاوڈر,,80,80,50,,25,31,
Sagodana,,50,50,50,,25,31,
National Achar Gosht Masala Recipe Mix,,85,85,50,,30,31,
Khalis Food Red Chilli Powder,,110,110,50,,25,31,
Cinnamon Sticks - دارچینی,,145,145,50,,25,31,
Khalis Food Qasoori Methi ( Fenugreek ),,25,25,50,,30,31,
K&Ns Stok,,45,45,50,,66,31,
Kalwanji - کلونجی,,105,105,50,,25,31,
National Chicken Tikka Masala Mix,,95,95,50,,64,31,
Shan Iodized Refined Salt,,65,65,50,,63,31,
Cloves - لونگ,,240,240,50,,30,31,
Red Chilli Powder - سرخ مرچ پاؤڈر,,490,490,50,,20,31,
Shan Chaat Masala    شان چاٹ مصالحہ,,110,110,50,,25,31,
Coconut (Narial) Powder - ناریل پاؤڈر,,95,95,50,,25,31,
Dry Plum - کھٹا آلو بخارا,,95,95,50,,25,31,
Shan Iodized Salt,,65,65,50,,63,31,
Badyaan Khatai Star Anise - بادیان خطائی,,99,99,50,,31,31,
Rossmoor Oregano Leaves,,110,110,50,,62,31,
Irani Plum,,145,145,50,,25,31,
Shangrila Synthetic Vinegar,,100,100,50,,67,31,
Misri - مسری,,25,25,50,,30,31,
Knorr Pulao Soup Stock,,50,50,50,,68,31,
National Karahi Gosht Masala Mix,,185,185,50,,25,31,
Shan Easy Cook Haleem Recipe Mix,,215,215,50,,46,31,
National Sindhi Biryani Masala Mix,,99,99,50,,69,31,
National Garam Masala Powder,,150,150,50,,30,31,
National Karahi Gosht Masala Recipe Mix,,80,80,50,,30,31,
National Turmeric Powder,,55,55,50,,30,31,
Khashkash - خشخاش,,110,110,50,,25,31,
Shan Shahi Haleem Mix,,192,192,50,,46,31,
Shan Achar Gosht Masala,,95,95,50,,30,31,
National Quorma Masala Mix Double Pack,,185,185,50,,25,31,
National Chicken Tikka Masala Recipe Mix Double Pack,,185,185,50,,25,31,
Jaifal - جائفل,,115,115,50,,30,31,
Oreal Chicken Powder,,195,195,50,,37,31,
RED CHILLI CRUSH,,105,105,50,,25,31,
National Kali Mirch Powder,,70,70,50,,31,31,
TURMERIC POWDER,,60,60,50,,25,31,
RED CHILLI POWDER,,130,130,50,,25,31,
Rossmoor Ground Oregano,,85,85,50,,31,31,
Shan Zafrani Garam Masala گرم مصالحہ,,155,155,50,,30,31,
National Garam Masala Powder,,80,80,50,,31,31,
National Delhi Nihari Masala Recipe Mix,,95,95,50,,70,31,
Khalis Food Big Cardamom,,110,110,50,,31,31,
National Coriander Powder,,90,90,50,,25,31,
National Shami Kabab Masala Mix,,80,80,50,,64,31,
Shan Karahi Double Pack,,210,210,50,,25,31,
Khalis Food Red Chilli Whole,,230,230,50,,27,31,
BLACK PEPPER WHOLE,,180,180,50,,25,31,
National Bombay Biryani,,85,85,50,,71,31,
National Haleem Masala Mix,,75,75,50,,72,31,
National Delhi Nihari Masala Mix Double Pack,,145,145,50,,73,31,
Shan Khushbudar Lehsan Powder,,85,85,50,,30,31,
TURMERIC POWDER,,120,120,50,,27,31,
Rossmoor  Mixed Herbs,,115,115,50,,62,31,
RED CHILLI CRUSH,,210,210,50,,27,31,
National Fish Masala Recipe Mix,,75,75,50,,30,31,
National Synthetic Vinegar,,70,70,50,,67,31,
National Kofta Masala Mix,,75,75,50,,30,31,
Oreal Chinese Flavored Salt,,195,195,50,,37,31,
Shan Chapli Kabab Masla,,120,120,50,,25,31,
Black Salt,,55,55,50,,27,31,
Jalwatri - جاوتری,,455,455,50,,30,31,
CINAMON STICKS,,115,115,50,,25,31,
Shan Dal Masala,,100,100,50,,25,31,
Oreal Pink Rock Salt,,50,50,50,,74,31,
RED CHILLI POWDER,,450,450,50,,20,31,
Shan Seekh Kabab,,75,75,50,,30,31,
chicken white korma,,78,78,50,,25,31,
Mitchells Vinegar,,100,100,50,,75,31,
National Seekh Kabab Masala Recipe Mix,,70,70,50,,30,31,
Shan Chicken White Karahi Mix,,80,80,50,,76,31,
Rossmoor Mustard Powder,,100,100,50,,25,31,
Shan Tikka Seekh Kabab Masala Double Pack,,139,139,50,,77,31,
National Coriander Powder,,180,180,50,,27,31,
Oreal Chinese Fried Rice Mix 50g,,130,130,50,,30,31,
Shangrila Apple Cider Vinegar,,340,340,50,,1,31,
Shan Chicken Handi Mix,,102,102,50,,30,31,
Khalis Food Cloves (Long),,298,298,50,,25,31,
CORIANDER POWDER,,170,170,50,,27,31,
Rossmoor Leaves Basil,,85,85,50,,62,31,
Oreal Chinese Manchurian Mix,,140,140,50,,70,31,
Shezan Synthetic Vinegar White,,65,65,50,,67,31,
National Broast Masala Mix,,75,75,50,,25,31,
National Pulao Masala,,145,145,50,,25,31,
Rossmoor Leaves Thyme,,90,90,50,,62,31,
Shan Haleem Masala,,150,150,50,,77,31,
Rossmoor Ground White Pepper - سفید مرچ پاوڈر,,155,155,50,,31,31,
National Murghi   نیشنل مرغ مصالحہ,,80,80,50,,30,31,
Oreal Krispy French Fries Mix,,130,130,50,,70,31,
Oreal Krispy Fried Chicken Mix,,127,127,50,,78,31,
National Ginger Powder,,90,90,50,,30,31,
Oreal Meat Tenderizer,,125,125,50,,25,31,
Shan Haleem Masala,,85,85,50,,30,31,
Shan Paya Masala,,104,104,50,,30,31,
Sagodana,,95,95,50,,27,31,
National Paaya   نیشنل پايا مصالحہ,,74,74,50,,76,31,
Shan Fried Fish Masala,,242,242,50,,77,31,
National Fish Masala Mix,,140,140,50,,25,31,
Khalis Food Red Chilli Whole,,370,370,50,,20,31,
Tukh Malanga,,105,105,50,,30,31,
National Meat Tenderizer,,90,90,50,,76,31,
Mother Choice Icing Sugar,,110,110,50,,46,31,
BLACK PEPPER WHOLE,,350,350,50,,27,31,
Shan Spices Pakora Mix,,85,85,50,,45,31,
Rossmoor Rosemary Leaves,,90,90,50,,62,31,
Shan Meat Tenderizer,,110,110,50,,76,31,
Sucral Zero Calories,,415,415,50,,79,31,
Shan Paya Masala,,210,210,50,,77,31,
Himalayan Chef Black Pepper Whole - کالی مرچ ثابت Bag,,310,310,50,,25,31,
National Bihari Kabab Masala Recipe Mix,,75,75,50,,30,31,
American Garden White Vinegar,,265,265,50,,80,31,
Shan Chicken Masala Double Pack,,210,210,50,,25,31,
Klim Icing Sugar,,110,110,50,,46,31,
Himalayan Chef Black Salt Powder Glass Shaker,,110,110,50,,73,31,
Key White Vinegar,,120,120,50,,81,31,
Oreal Black Pepper,,115,115,50,,48,31,
Pakora Mix with Baisin,,220,220,50,,3,31,
Mitchells Fruit Vinegar,,180,180,50,,82,31,
National Murghi Masala Mix Double Pack,,135,135,50,,25,31,
Shan Chicken Masala,,92,92,50,,30,31,
Shan Tikka Seekh Kabab Masala,,120,120,50,,30,31,
Oreal Pulao Cube Powder,,45,45,50,,66,31,
The Salt Company Himalayan White Salt,,130,130,50,,7,31,
Himalayan Chef Red Chilli Powder - Imported Craft Bag,,1055,1055,50,,3,31,
Oreal Chicken Yakhni Instan,,45,45,50,,66,31,
Shan Gajar Halwa Mix,,130,130,50,,25,31,
Oreal Chinese Hot And Sour Soup,,105,105,50,,64,31,
Shan Fried Chop Steak,,80,80,50,,30,31,
Shan Liver Masala,,60,60,50,,30,31,
Oreal Fried Fish Mix,,145,145,50,,83,31,
Mitchells Fruit Vinegar,,130,130,50,,75,31,
Oreal Chinese Chiken Corn Soup,,105,105,50,,64,31,
ISPAGHOL Husk,,310,310,50,,25,31,
Pakora Mix Masala,,125,125,50,,9,31,
Key White Vinegar,,65,65,50,,67,31,
FALAK ZEERA RAITA 75 GM,,155,155,50,,84,31,
Key Apple Vinegar,,90,90,50,,67,31,
FALAK MEAT TENDERIZER POWDER 100GM,,125,125,50,,25,31,
Klim Caster Sugar,,115,115,50,,46,31,
JALWATRI,,399,399,50,,30,31,
Oreal Krispy Nuggets Mix,,130,130,50,,83,31,
National Synthetic Vinegar,,220,220,50,,85,31,
Himalayan Chef Kalonji Plastic Shaker,,480,480,50,,26,31,
FALAK DAHI BARA MASALA 80 GM,,160,160,50,,48,31,
Himalayan Chef Cloves (Long) Glass Shaker  - لونگ,,480,480,50,,76,31,
FALAK GINGER POWDER 60GM BOTTLE,,199,199,50,,86,31,
Shangrila Natural Vinegar,,165,165,50,,1,31,
National Chinese Sauces Trio Pack,,450,450,50,,6,31,
Oreal Afghani Namkeen Karahi Mix,,140,140,50,,64,31,
Oreal Chicken Powder,,770,770,50,,7,31,
Knorr Chicken Powder,,20,20,50,,6,31,
Himalayan Chef Red Chilli Crushed - سرخ مرچ دڑا Bag,,550,550,50,,20,31,
Shan White Chicken Korma,,80,80,50,,76,31,
FALAK PINK SALT 200 GM (Glass Bottle),,360,360,50,,27,31,
WBM Garam Masala Powder  Plastic Shaker,,650,650,50,,45,31,
Oreal Buttermilk Chicken Wings Recipe Mix,,140,140,50,,70,31,
Shan Fruit Chaat Masala,,65,65,50,,30,31,
Pakora Mix Masala,,290,290,50,,3,31,
Key Apple Vinegar,,165,165,50,,81,31,
ARABIAN SEA SALT 400 GM,,100,100,50,,20,31,
FALAK BLACK PEPPER 100 GM (Glass Bottle),,540,540,50,,25,31,
Shezan Table Salt 800gm,,70,70,50,,63,31,
Rite Salt 800gm,,195,195,50,,63,31,
Shezan Vinegar 3 litre Bottle,,400,400,50,,52,31,
Rite Salt 500gm,,130,130,50,,3,31,
SHEZAN IODIZED SALT 800G,,55,55,50,,63,31,
ARABIAN SEA SALT 150 GM,,60,60,50,,45,31,
Himalyan Chef Black Pepper Grinder,,500,500,50,,79,31,
IQRA FOODS RED CHILLI POWDER 200 GM,,325,325,50,,27,31,
White Quinoa Seeds,,735,735,50,,7,31,
Baisin,,295,295,50,,7,59,
Black Chana,,150,150,50,,3,59,
Mung Whole - دال مونگ ثابت,,220,220,50,,7,59,
Bajra,,85,85,50,,3,59,
Maida,,75,75,50,,3,59,
Masoor Washed - دال مسور دھلی,,200,200,50,,3,59,
Mung Washed - دال مونگ دھلی,,160,160,50,,3,59,
Masoor Whole -  مسور ثابت,,190,190,50,,3,59,
White Chana - 3,,200,200,50,,3,59,
Baisin - بیسن,,280,280,50,,7,59,
Daal Chana - دال چنا,,310,310,50,,7,59,
Anaaj Yousaf Chakki Atta (Whole Wheat Flour) 5kg,,710,710,50,,54,59,
Anaaj Yousaf Chakki Atta (Whole Wheat Flour) 10kg,,1420,1420,50,,87,59,
White Chana - سفید چنا,,400,400,50,,7,59,
Guard Awami Basmati Rice 1KG,,230,230,50,,7,59,
Masoor Whole -  مسور ثابت,,380,380,50,,7,59,
Black Chana - کالا چنا,,290,290,50,,7,59,
Khalis Food Masoor Washed -  دال مسور دھلی ہوئی,,400,400,50,,7,59,
Mung Shelled - دال مونگ چھلکے والی,,145,145,50,,3,59,
Daal Chana Bold - دال چنا بڑی,,160,160,50,,3,59,
Mung Washed - دال مونگ دھلی,,320,320,50,,7,59,
White Lobia - سفید لوبیا,,160,160,50,,3,59,
Guard Super Kernel Basmati Rice 1KG,,375,375,50,,7,59,
Daal Mong (Washed),,150,150,50,,3,59,
Daal Chana,,175,175,50,,3,59,
Guard Tukra Basmati Rice,,155,155,50,,7,59,
Daal Chana Bold - دال چنا بڑی,,315,315,50,,7,59,
Baisin,,170,170,50,,3,59,
Daal Masoor (Washed),,215,215,50,,3,59,
Kabuli Chana - کابلی چنا,,225,225,50,,3,59,
Daal Mash Washed - دال ماش دھلی ہوئی,,515,515,50,,7,59,
Mash Shelled - دال ماش چھلکے والی,,230,230,50,,3,59,
Mung Whole - دال مونگ ثابت,,145,145,50,,3,59,
Guard Supreme Basmati Rice 1KG,,425,425,50,,7,59,
Guard Supreme Basmati Rice 5KG,,2150,2150,50,,54,59,
Daal Masoor (Whole),,180,180,50,,3,59,
Guard Super Kernal Sella Basmati Rice,,350,350,50,,7,59,
Daal Chana,,310,310,50,,7,59,
Kabuli Chana - کابلی چنا,,435,435,50,,7,59,
Daal Mash (Washed),,270,270,50,,3,59,
Guard Awami Basmati Rice 5KG,,1090,1090,50,,54,59,
Maida,,195,195,50,,7,59,
Suji,,110,110,50,,3,59,
Guard Super Kernel Basmati Rice 5KG,,1690,1690,50,,54,59,
Mash Whole - دال ماش ثابت,,220,220,50,,3,59,
Red Lobia - سرخ لوبیا,,370,370,50,,7,59,
White Chana (Bareek),,210,210,50,,3,59,
Guard Ultimate Basmati Rice 1KG,,460,460,50,,7,59,
White Chana (Mota),,220,220,50,,3,59,
Maida,,100,100,50,,3,59,
Daal Mong (Washed),,330,330,50,,7,59,
Black Chana,,310,310,50,,7,59,
Mung Shelled - دال مونگ چھلکے والی,,290,290,50,,7,59,
White Lobia - سفید لوبیا,,315,315,50,,7,59,
Daal Masoor (Washed),,310,310,50,,7,59,
Daal Mong (Chilka),,160,160,50,,3,59,
Daal Masoor (Whole),,320,320,50,,7,59,
Suji,,190,190,50,,7,59,
Lobia (White),,175,175,50,,3,59,
White Chana (Bareek),,420,420,50,,7,59,
Lobia (Red),,220,220,50,,3,59,
White Chana (Mota),,430,430,50,,7,59,
Daal Mash (Chilka),,195,195,50,,3,59,
Sunridge White Chakki Atta 10KG,,1450,1450,50,,87,59,
Mash Shelled - دال ماش چھلکے والی,,325,325,50,,7,59,
Mash Whole -  ماش ثابت,,315,315,50,,7,59,
Daal Mash (Washed),,515,515,50,,7,59,
Daal Mong (Chilka),,310,310,50,,7,59,
Kausar Steamed Basmati Rice,,399,399,50,,7,59,
Kausar Steamed Basmati Rice,,1990,1990,50,,54,59,
Lobia (Red),,440,440,50,,7,59,
Lobia (White),,280,280,50,,7,59,
Daal Mash (Chilka),,340,340,50,,7,59,
Gold Tree Gluten Free Multigrain Flour (10 Grains),,695,695,50,,7,59,
Mitchells Chilli Garlic Sauce,,130,130,50,,46,33,
Shezan Lime Pickle,,175,175,50,,88,33,
ALUBUKHARA CHATNI,,450,450,50,,3,33,
Mitchells Mango Hyderabadi Pickle,,140,140,50,,89,33,
Mitchells Mango Pickle,,150,150,50,,34,33,
Shezan Mango Pickle,,140,140,50,,90,33,
GARLIC GINGER PICKLE,,450,450,50,,3,33,
PERI SAUCE PICKLE,,230,230,50,,3,33,
Youngs Mayonnaise,,525,525,50,,13,33,
Youngs Mayonnaise,,290,290,50,,1,33,
Youngs Mayonnaise,,145,145,50,,24,33,
National Tomato Ketchup Pouch,,190,190,50,,28,33,
National Tomato Ketchup نیشنل ٹماٹرکیچپ,,310,310,50,,91,33,
National Chilli Garlic Sauce Pouch,,185,185,50,,3,33,
Shangrila Soya Sauce,,275,275,50,,82,33,
National Tomato Ketchup Pouch,,100,100,50,,9,33,
Shangrila Sauce 3 in 1 Trio Pack,,690,690,50,,82,33,
Shangrila Soya Sauce,,140,140,50,,67,33,
Shangrila Chilli Sauce,,72,72,50,,59,33,
National Chilli Garlic Sauce Pouch,,315,315,50,,91,33,
Shangrila Trio Pack 3 in 1,,360,360,50,,67,33,
Shangrila Chilli Sauce,,285,285,50,,82,33,
Youngs French Mayo Garlic,,195,195,50,,24,33,
Youngs Creamy & Salted Mayonnaise Fast Food,,140,140,50,,24,33,
Youngs Creamy & Salted Mayonnaise Pouh,,525,525,50,,13,33,
Shangrila Chilli Sauce,,110,110,50,,67,33,
Mitchells Tomato Ketchup,,199,199,50,,3,33,
National Mixed Pickle Jar,,460,460,50,,7,33,
Shangrila Habanero Ketchup Hot & Spicy,,185,185,50,,92,33,
Youngs Creamy & Salted Mayonnaise,,290,290,50,,1,33,
Shangrila Garlic Chilli Sauce,,85,85,50,,93,33,
Shangrila Bar-b-q Sauce,,195,195,50,,20,33,
Shangrila Mixed Pickle in Oil pouch,,100,100,50,,27,33,
Youngs Mayo Garlic Pouch,,425,425,50,,1,33,
National Chilli Garlic Sauce Pouch,,100,100,50,,94,33,
Shangrila Worcestershire Sauce,,145,145,50,,67,33,
Mitchells Chilli Garlic Sauce,,310,310,50,,91,33,
Shangrila Imli Ginger Sauce,,105,105,50,,9,33,
Mitchells Garlic Paste,,399,399,50,,39,33,
Youngs Red Chilli Mayo,,185,185,50,,27,33,
Shangrila Green Chilli Sauce Pouch,,100,100,50,,9,33,
Shangrila Imli Ginger Sauce,,185,185,50,,20,33,
Mitchells Ginger Paste,,420,420,50,,39,33,
Youngs Red Chilli Mayo,,400,400,50,,3,33,
National Mixed Pickle,,240,240,50,,39,33,
Shangrila Green Chilli Sauce Pouch,,140,140,50,,3,33,
Rich Yellow Rossmoor Superfine Mustard Bottle,,235,235,50,,93,33,
Youngs Mayo Chup,,150,150,50,,27,33,
National Mix Pickle Hyderabadi,,190,190,50,,39,33,
Shangrila Mixed Pickle in Oil Jar,,240,240,50,,20,33,
Shangrila Peri Peri Sauce,,255,255,50,,18,33,
Mitchells Green Chilli Sauce,,160,160,50,,46,33,
Shangrila Worcestershire Sauce,,240,240,50,,82,33,
Youngs Mayo Chup,,325,325,50,,3,33,
Shezan Satrang Mix Pickle Pouch,,200,200,50,,3,33,
National Chinese Chilli Sauce,,110,110,50,,67,33,
Shezan Thick Tomato Ketchup,,130,130,50,,95,33,
Shangrila Hot Sriracha Sauce,,255,255,50,,18,33,
Shangrila Smoky BBQ Sauce,,255,255,50,,34,33,
National Mango Pickle 320 gm,,185,185,50,,39,33,
Shangrila Mixed Pickle in Oil Pouch,,260,260,50,,3,33,
Kausar Ginger Paste 330g,,250,250,50,,90,33,
National Garlic Pickle,,225,225,50,,96,33,
Dipitt Smokey BBQ Sauce,,299,299,50,,46,33,
Key Soya Sauce,,100,100,50,,67,33,
National Chinese Chilli Sauce,,190,190,50,,82,33,
Hellmann Real Mayonnaise,,395,395,50,,97,33,
Key Soya Sauce,,55,55,50,,98,33,
Bake parlor Imli Sauce,,170,170,50,,3,33,
Rich Yellow Rossmoor Superfine Mustard,,150,150,50,,99,33,
Shan mixed pickle,,200,200,50,,46,33,
Shezan Chilli Garlic Tomato Sauce,,170,170,50,,3,33,
Dipitt Buffalo Hot Sauce,,299,299,50,,46,33,
Shezan Green Chilli Sauce,,290,290,50,,7,33,
Key Chilli Sauce,,55,55,50,,98,33,
Figaro Green Olives With Pimiento Pste,,395,395,50,,100,33,
Key Chili Sauce RED & HOT,,190,190,50,,81,33,
Natures Home Thousand Island Dressing,,425,425,50,,101,33,
Mitchells Mixed Pickle,,145,145,50,,102,33,
Mitchells Lime Pickle,,145,145,50,,102,33,
Shangrila - Mango Pickles,,178,178,50,,20,33,
Key Chilli Sauce,,100,100,50,,67,33,
Shezan Chilli Pickle in Oil,,210,210,50,,88,33,
Figaro Black Oilves,,400,400,50,,26,33,
American Garden Black Olives Pitted,,515,515,50,,103,33,
Shangrila Mint Coriander Sauce,,225,225,50,,90,33,
Figaro Green Olives Pimiento Stuffed,,515,515,50,,102,33,
National Hyderabadi Mixed Pickle in Oil,,190,190,50,,104,33,
Shan Ginger Paste,,540,540,50,,96,33,
Key Hp Barbecue Sauce,,99,99,50,,18,33,
Dipitt Buffalo Sauce,,299,299,50,,46,33,
Shan Pickle Hyderabadi - Chilli,,200,200,50,,39,33,
Key Worcester Shire Sauce,,99,99,50,,67,33,
Food Net Sauce 3 in 1 Trio Pack,,130,130,50,,59,33,
Mitchells Chilli Garlic Sauce,,250,250,50,,105,33,
Natures Home Caesar Dressing,,425,425,50,,101,33,
Dipitt Mango Habanero Sauce,,299,299,50,,39,33,
Shezan Chili Garlic Tomato Sauce,,120,120,50,,95,33,
Mitchells Garlic Pickle,,190,190,50,,89,33,
Shangrila Mango Chilli Sauce,,225,225,50,,104,33,
Figaro Green Olives Pitted,,520,520,50,,107,33,
Shan Carrot Pickle,,165,165,50,,46,33,
Nature Own Pizza Sauce,,440,440,50,,108,33,
Figaro Green Olives Pitted,,400,400,50,,109,33,
Shan Lemon Pickle,,165,165,50,,46,33,
Figaro Plain Black Olives,,400,400,50,,100,33,
Shan Mango Pickle,,240,240,50,,46,33,
Key Peri-Peri Sauce Extra Hot,,140,140,50,,107,33,
American Garden Green Olives Pitted,,550,550,50,,103,33,
American Garden Black Olives Whole,,550,550,50,,103,33,
Figaro Green Olives Plain,,520,520,50,,102,33,
Dipitt Peri Peri Hot,,399,399,50,,46,33,
SHANGRILA (MIXED PICKLE PASTE),,280,280,50,,19,33,
Figaro Green Olives Plain,,400,400,50,,61,33,
Natures Home Italian Dressing,,425,425,50,,101,33,
Dipitt Buffalo Hot Sauce,,150,150,50,,110,33,
Shan Mango Chutney,,185,185,50,,20,33,
Natures Home French Dressing,,405,405,50,,101,33,
American Garden Green Olives Whole,,550,550,50,,103,33,
Figaro Black Olives Pitted,,550,550,50,,111,33,
Figaro Green Olives With Minced Pimiento,,180,180,50,,112,33,
Shan Olive Garlic Pickle,,250,250,50,,46,33,
Doritos Hot Salsa,,851,851,50,,46,33,
Tabasco Red Pepper Sauce,,425,425,50,,110,33,
Nature Own BBQ Sauce Original,,440,440,50,,67,33,
Shezan Green Chilli Bottle,,105,105,50,,46,33,
Key Bachat pack 750ml X 3,,368,368,50,,113,33,
Fresco Green Olives Stuffed with Pimento paste,,245,245,50,,45,33,
American Garden Steak Sauce Classic,,550,550,50,,114,33,
Shezan Mango Chutney,,220,220,50,,20,33,
Dipitt Peri Peri Medium,,399,399,50,,46,33,
Fresco Green Olives Stuffed with Pimento paste,,320,320,50,,111,33,
Figaro Black Plain Olive,,420,420,50,,103,33,
2 Bottle Ginger Paste + Free Special Bombay Biryani Masala (310g + 60g),,675,675,50,,6,33,
SHEZAN MANGO PICKLE IN OIL,,360,360,50,,91,33,
American Garden Green Olives Stuffed,,550,550,50,,103,33,
Fresco Capers In Brine,,210,210,50,,25,33,
Shezan Soy Sauce,,100,100,50,,67,33,
2 Bottle Garlic Paste + Free Special Bombay Biryani Masala (310g + 60g),,650,650,50,,6,33,
Shangrila Peri Peri Hot,,300,300,50,,115,33,
Shezan Chilli Garlic Sauce,,85,85,50,,9,33,
Figaro Green Stuffed Olive,,720,720,50,,103,33,
TABASCO Red Pepper Sauce 150ML,,950,950,50,,98,33,
Knorr Chilli Garlic Sauce,,185,185,50,,20,33,
Shezan Imlee Sauce 830gm,,250,250,50,,116,33,
Dipitt Peri Peri Mild Sauce,,399,399,50,,46,33,
Shangrila Peri Peri Lemon & Herbs,,300,300,50,,115,33,
Shangrila Peri Peri Extra Hot,,300,300,50,,115,33,
Figaro Plain Green Olive,,520,520,50,,117,33,
Figaro Pitted Green olives,,520,520,50,,103,33,
Shangrila Peri Peri Garlic,,300,300,50,,115,33,
Shezan Leme & Chilli Pickle,,150,150,50,,88,33,
Shezan Chilli Sauce,,130,130,50,,96,33,
Figaro Black Plain Olive,,950,950,50,,118,33,
Fresco Green Peppercorns in Brine,,215,215,50,,109,33,
Figaro Plain Green Olives,,1075,1075,50,,118,33,
Rossmorr Cocoa Powder,,1150,1150,50,,7,13,
Rossmoor Mustard Powder,,520,520,50,,7,13,
National Banana Custard Powder,,100,100,50,,46,13,
Rafhan Banana Jelly,,130,130,50,,48,13,
Laziza Kheer Mix - Standard,,130,130,50,,45,13,
Boondi Pakoriyan,,150,150,50,,46,13,
200ml Whipping Cream Nestle,,199,199,50,,24,13,
Mother Choice Baking Soda,,75,75,50,,25,13,
National Banana Jelly,,110,110,50,,48,13,
National Jelly Strawberry,,105,105,50,,48,13,
Rafhan Vanilla Custard,,145,145,50,,119,13,
Laziza Ras Malai Dessert Mix - Standard,,170,170,50,,84,13,
Laziza Kheer Mix Almond / Saffron,,140,140,50,,45,13,
Youngs Choco Bliss Crave Cooking Dark Chocolate,,270,270,50,,27,13,
Laziza Ras Malai Pista Mix Standard,,145,145,50,,84,13,
Pakoriyan,,140,140,50,,46,13,
National Vanilla Custard Powder,,90,90,50,,83,13,
MY COOK FOOD COLOR 25GM ZARDA YELLOW,,95,95,50,,31,13,
Laziza Gulab Jumun Mix,,170,170,50,,79,13,
Laziza Sheer Khurma Saffron,,139,139,50,,107,13,
Rossmoor Cocoa Powder,,110,110,50,,30,13,
Rossmoor Baking Powder,,48,48,50,,30,13,
Choco Bliss Crave Cocoa Powder,,125,125,50,,30,13,
Laziza Kheer Mix - Pistachio & Coconuts,,140,140,50,,45,13,
Choco Bliss Crave Cooking Milky Chocolate,,270,270,50,,27,13,
Laziza Firni Khas Kewra,,140,140,50,,45,13,
Rafhan Custard Strawberry,,140,140,50,,119,13,
Rossmoor Baking Powder,,110,110,50,,25,13,
Choco Bliss Crave Cocoa Powder,,235,235,50,,25,13,
Rossmoor Cocoa Powder,,320,320,50,,27,13,
Rossmoor Cocoa Powder,,160,160,50,,25,13,
Rafhan Banana Custard,,140,140,50,,119,13,
Laziza Ras Malai Mix Almond,,165,165,50,,84,13,
Laziza Rabri Falooda Mix,,130,130,50,,27,13,
Laziza Shahi Tukra Mix,,125,125,50,,26,13,
Laziza Firni Khas Saffron,,100,100,50,,45,13,
Rafhan Custard Vanilla,,35,35,50,,64,13,
National Mango Custard Powder,,95,95,50,,83,13,
Crave Dark Choco Bliss,,1220,1220,50,,3,13,
Rafhan Custard Strawberry,,99,99,50,,119,13,
Rossmoor Instant Coocnut Milk Powder,,110,110,50,,30,13,
Food Net Kewra Essence,,70,70,50,,120,13,
Laziza Kulfa Khoya Mix,,170,170,50,,45,13,
Rafhan Vanilla Ice Cream Powder,,120,120,50,,119,13,
National Custard Strawberry Powder,,90,90,50,,83,13,
Laziza Doodh Dullari Mix,,170,170,50,,93,13,
MY COOK KEWRA ESSENCE 28ML,,75,75,50,,121,13,
Rossmoor Baking Powder,,180,180,50,,27,13,
Laziza Dry Fruit Kheer,,140,140,50,,107,13,
Laziza Kulfa Khoya Pistachio,,130,130,50,,45,13,
MY COOK FOOD COLOR YELLOW,,50,50,50,,121,13,
MY COOK FOOD COLOR RED,,50,50,50,,121,13,
National Banana Custard Powder,,60,60,50,,83,13,
Food Net Raspberry Red Food Colour,,65,65,50,,120,13,
Choco Bliss Crave Cocoa Powder,,440,440,50,,27,13,
Laziza Falooda Strawberry Mix,,125,125,50,,27,13,
MY COOK FOOD COLOR BLUE,,50,50,50,,121,13,
MY COOK FOOD COLOR PINK,,50,50,50,,121,13,
National Strawberry Custard Powder,,99,99,50,,46,13,
Rossmoor Gelatine,,155,155,50,,30,13,
Food Net Zafran Essense,,60,60,50,,120,13,
My Cook Zafran Essence,,55,55,50,,121,13,
Crave Milky  Choco Bliss,,850,850,50,,3,13,
Food Net Lime Juice Yellow Food Colour,,70,70,50,,120,13,
My Cook Cardamom Essence,,75,75,50,,121,13,
Food Net Strawberry Essence,,70,70,50,,120,13,
Bake Well Baking Powder,,100,100,50,,25,13,
Food Net Lemon Essence,,60,60,50,,120,13,
Laziza Jelly Falooda Mix,,130,130,50,,94,13,
MY COOK FOOD COLOR 25GM BRIGHT RED,,95,95,50,,31,13,
MY COOK FOOD COLOR GREEN,,50,50,50,,121,13,
Food Net Apple Green Food Color,,65,65,50,,120,13,
My Cook Korma Essence,,55,55,50,,121,13,
Food Net Pineapple Essence,,65,65,50,,120,13,
Klim Cocoa Powder,,130,130,50,,48,13,
Mother Choice Soft Brown Sugar,,335,335,50,,5,13,
Food Net Badam Essence,,65,65,50,,120,13,
Food Net Orange Essence,,75,75,50,,120,13,
Food Net Banana Green Food Color,,60,60,50,,66,13,
Klim Gelatin Powder,,100,100,50,,30,13,
Klim Cocoa Powder,,80,80,50,,76,13,
MY COOK FOOD COLOR 25GM DEEP GREEN,,65,65,50,,31,13,
Mother Choice Icing Sugar,,320,320,50,,63,13,
Klim Cocoa Powder,,230,230,50,,107,13,
My Cook Almond Essence,,55,55,50,,121,13,
Food Net Banana Essence,,65,65,50,,120,13,
Klim Caster Sugar,,130,130,50,,46,13,
Fresco Cake Sprinkles,,114,114,50,,25,13,
Klim Mustard Compound,,75,75,50,,48,13,
My Cook Sandal Wood Essence,,50,50,50,,121,13,
Rossmoor Baking Powder,,455,455,50,,7,13,
Food Net Afza Essence,,60,60,50,,120,13,
Food Net Rasberry Essence,,65,65,50,,120,13,
Chicken Karahi Cut (چکن کراہی کٹ),,549,549,50,,4,7,
Chicken Mince - چکن قیمہ,,386,386,50,,3,7,
Chicken Breast  (Fillet) (چکن بون لیس),,755,755,50,,4,7,
Chicken Biryani Cut - چکن بریانی کٹ,,559,559,50,,4,7,
(850-1000- GM) Whole Chicken - ثابت چکن,,517,517,50,,6,7,
Chicken Drum Stick (چکن ڈرم سٹک),,519,519,50,,4,7,
Chicken Thigh Boneless (چکن تھا ی بو ن لیس),,812,812,50,,4,7,
Chicken Wings Skinless (چکن ونگ سکن لیس),,432,432,50,,4,7,
Desi Chicken (700 to 1000gm) دیسی چکن,,1099,1099,50,,6,7,
Chicken Boti Cut (چکن بوٹی کٹ),,579,579,50,,63,7,
Mutton Mix (مٹن مکس),,1659,1659,50,,5,7,
Mutton Mince (مٹن قیمہ),,999,999,50,,3,7,
Mutton Leg (مٹن ران),,1679,1679,50,,5,7,
Mutton Shoulder (مٹن دستی),,1679,1679,50,,5,7,
Mutton Back Chop (مٹن بیک  چانپ),,1679,1679,50,,5,7,
Mutton Paya 4 Pcs,,979,979,50,,122,7,
Beef Mince (بیف قیمہ),,479,479,50,,3,7,
Beef Boneless Cubes (بیف بون لیس کیوبس),,759,759,50,,5,7,
Veal Mince,,472,472,50,,3,7,
Veal Paya 1pc,,699,699,50,,8,7,
National Vermicelli - Sawaiyan,,70,70,50,,45,78,
Kolson Spaghetti,,160,160,50,,103,78,
Bake Parlor Spaghetti,,185,185,50,,103,78,
Shan Shoop Chicken Instant Noodles,,55,55,50,,70,78,
Bake Parlor Macroni,,185,185,50,,20,78,
Bake Parlor Fajita Spaghetti,,120,120,50,,9,78,
Bake Parlor Elbow Macaroni,,170,170,50,,20,78,
Bake Parlor Bar B Que Macaroni,,120,120,50,,9,78,
Kolson Tikka Macaroni,,95,95,50,,9,78,
Bake Parlor Macaroni Penne,,185,185,50,,20,78,
Bake Parlor Twisted Macaroni,,185,185,50,,20,78,
Kolson Cup Noodles Chicken,,120,120,50,,30,78,
Bake Parlor Roasted Vermicelli,,95,95,50,,123,78,
Bake Parlor Achari Macaroni,,105,105,50,,9,78,
Bake Parlor Shell Macaroni,,185,185,50,,20,78,
Bake Parlor Malai Boti Macaroni,,120,120,50,,9,78,
Bake Parlor Lasagne,,325,325,50,,20,78,
Kolson Long Macaroni,,150,150,50,,103,78,
Kolson Green Tikka Macaroni,,110,110,50,,9,78,
Bake Parlor Spiral Macaroni,,185,185,50,,20,78,
Bake Parlor Hot N Sour Spaghetti,,120,120,50,,9,78,
Bake Parlor Chicken Chilli 2 In1,,120,120,50,,9,78,
Cut Vermicelli Plain,,85,85,50,,104,78,
Kolson Dhanak,,115,115,50,,20,78,
Bake Parlor Jalfrezi Macaroni,,120,120,50,,9,78,
Bake Parlor Chicken Lasagna 2 in 1,,165,165,50,,9,78,
Kolson Ridged Elbow,,150,150,50,,20,78,
Bake Parlor Shashlik Macaroni,,120,120,50,,9,78,
Bake Parlor Three Color Macaroni,,185,185,50,,20,78,
Bake Parlor Qeema Macaroni,,120,120,50,,9,78,
Bake Parlor Biryani Macaroni,,125,125,50,,9,78,
Bake Parlor Meat Ball Spaghetti,,120,120,50,,18,78,
Bake Parlor Chicken Manchurian,,120,120,50,,9,78,
Bake Parlor Cajun Spaghetti,,120,120,50,,9,78,
Bake Parlor Balti Macaroni,,130,130,50,,9,78,
Knorr Choto Chatt Patta Noodles,,35,35,50,,124,78,
Bake Parlor Bihari Boti Macaroni,,120,120,50,,9,78,
Bake Parlor Hara Masala Spaghetti,,90,90,50,,9,78,
Bake Parlour Fusilli Macaroni,,185,185,50,,20,78,
Bake Parlor Lush Pash Vermicelli,,110,110,50,,45,78,
Knorr Chatt Patta Instant Noodles,,60,60,50,,86,78,
Reggia Pasta Gemelli,,210,210,50,,3,78,
Reggia Lasagne,,449,449,50,,3,78,
Knorr Blazin Flavoured Instant Noodles,,140,140,50,,83,78,
Knorr Chicken Instant Noodles,,60,60,50,,86,78,
Reggia Pasta Gomiti Rigati,,210,210,50,,3,78,
Nutri Bio (Penne Rigate),,350,350,50,,3,78,
Nutri Bio (Spaghetti),,350,350,50,,3,78,
Nutri Bio Fusilli,,350,350,50,,3,78,
Pantanella Pasta Conchiglie Tri Colore,,300,300,50,,3,78,
Lu Zeera Snack Pack,,40,40,50,,6,21,
Lu Tuc Snack Pack,,40,40,50,,6,21,
LU Bakeri Nankhatai Snack Pack,,40,40,50,,6,21,
Lu Wheatable High Fibre Snack Pack,,40,40,50,,6,21,
LU Wheatable Sugar Free Snack Pack (CL),,50,50,50,,6,21,
Lu Tuc Bar Pack Box (CL),,240,240,50,,6,21,
Lu Candi Snack Pack,,40,40,50,,6,21,
Lu Gala Snack Pack,,30,30,50,,6,21,
Bisconni Chocolatto Snack Pack Box,,240,240,50,,6,21,
Bisconni Chocolatto Half Roll,,30,30,50,,6,21,
peek freans cake up double choclate,,240,240,50,,6,21,
Lu Bakeri Bistiks Snack Pack,,40,40,50,,6,21,
Peek Freans Sooper Half Roll Rs 40,,40,40,50,,48,21,
Lu Oreo Snack Pack (CL),,30,30,50,,6,21,
Bisconni Novita Chocolate Wafers box,,240,240,50,,6,21,
Bisconni CocomoDouble Chocolate Snack Pack Box,,240,240,50,,6,21,
Lu Wheatable Sugar Free Family Pack (CL),,90,90,50,,6,21,
Bisconni Chocolate Chip Half Roll,,25,25,50,,6,21,
Lu Bakeri Coconut Snack Pack,,30,30,50,,124,21,
Peek Freans Cake UP Golden Caramel Box,,240,240,50,,6,21,
Lu Gala Egg Bar Pack Box (CL),,130,130,50,,6,21,
Bisconni Chocolatto Half Roll Box,,240,240,50,,6,21,
Lu Candi Original Bar Pack Box (CL),,240,240,50,,6,21,
Bunnys Assorted Cookies,,80,80,50,,79,21,
Lu Oreo Crispy Ticky Pack Box (CL),,275,275,50,,6,21,
Bisconni Cocomo Rs.5 Box,,240,240,50,,6,21,
Lu Bakeri Bistiks Bar Pack Box (CL),,175,175,50,,6,21,
Bisconni Chai Wala Biscuit Half Roll Rs 20,,20,20,50,,6,21,
Lu Tuc Family Pack (CL),,70,70,50,,6,21,
Chai Wala Biskut Ticky Pack Box,,240,240,50,,6,21,
Rite Chocolate Vanila Half Roll,,25,25,50,,6,21,
Bisconni Cocomo Milk Snack Pack Box,,220,220,50,,6,21,
Lu Candi Family Pack (CL),,90,90,50,,6,21,
Lu Prince Chocolate Sandwich Biscuits Family Pack (CL),,60,60,50,,6,21,
LU Bakeri Nan Khatai Family Pack (CL),,90,90,50,,6,21,
Bisconni Cocomo Milk Party Pack,,50,50,50,,29,21,
Peek Freans Triple Chocolate Cupcake Box,,180,180,50,,6,21,
Lu Zeera Plus Bar Pack Box (CL),,190,190,50,,6,21,
Lu Zeera Plus Family Pack (CL),,80,80,50,,6,21,
Hilal Cup Kake With Strawberry Jam Box,,220,220,50,,6,21,
Bisconni Chocolate Chip Cookies Half Roll box,,250,250,50,,6,21,
Peek Freans Sooper Chocolate Half roll Rs 40,,40,40,50,,71,21,
Peek Freans Party Pik With Raisins & Peanuts Family Pack,,89,89,50,,6,21,
Candy Land ABC Jelly Pouch (Rs.5) Box,,180,180,50,,6,21,
Peek Freans Marie Half Roll Rs 40,,40,40,50,,6,21,
Peek Freans Rio Chocolate Snack Pack Box,,240,240,50,,6,21,
Bisconni Crux Baked Salty & Crispy Crackers Snack Pack Box,,240,240,50,,6,21,
Bisconni Rite Vanilla Cookies Half Roll Box,,250,250,50,,6,21,
Peek Freans Party Pik Half Roll Rs 40,,40,40,50,,86,21,
Peek Freans Gluco Family Pack,,80,80,50,,6,21,
Rio Strawberry & Vanilla Snack Pack Box,,240,240,50,,6,21,
Peek Freans Lemon Sandwich Half Roll Rs 40,,40,40,50,,48,21,
Kolson Jam Hearts Strawberry & Vanilla Half Roll,,30,30,50,,30,21,
Candy Land Cloud 9 Chocolate Coated Wafer Box,,230,230,50,,6,21,
Lu Candi Original Snack Pack Box (CL),,240,240,50,,6,21,
Lu Milco Bar Pack Box (CL),,190,190,50,,6,21,
Bisconni Rite With Vanilla Cream Snack Pack,,240,240,50,,6,21,
Peek Freans Smile Donut Strawberry Box,,290,290,50,,6,21,
Lu Bakeri Bistiks Snack Pack Box (CL),,250,250,50,,6,21,
Bisconni Chocolate Chip Rs.15 Snackpack Box,,220,220,50,,6,21,
Bisconni Chai Wala Biskut Half Roll Box,,240,240,50,,6,21,
Peek Freans Gluco Teddy Chocolate FIlling Cake Box,,265,265,50,,6,21,
LU Tuc Biscuit Snack Pack Box (CL),,270,270,50,,6,21,
Lu Prince Biscuits Bigger Snack Pack,,40,40,50,,6,21,
Bisconni FLO Chocolate Cake Bar Rs.15 Box,,240,240,50,,6,21,
Lu Zeera Plus Snack Pack Box (CL),,240,240,50,,6,21,
Lu Gala Egg Snack Pack Box (CL),,240,240,50,,6,21,
Prince Chocolate Bigger SP Box,,250,250,50,,49,21,
Bisconni Cocomo Double Chocolate Pouch,,60,60,50,,6,21,
Peek Freans Gluco teddy milk filling cake box,,265,265,50,,6,21,
Peek Freans Gluco Half Roll Rs 40,,40,40,50,,79,21,
Lu Wheatable Sugar Free Snack Pack Box (CL),,250,250,50,,6,21,
LU Wheatable High Fibre Snack Pack Box (CL),,240,240,50,,6,21,
Lu Nan Khatai Snack Pack Box (CL),,240,240,50,,6,21,
Koslon Jam Hearts Bar Pack Box,,180,180,50,,6,21,
Oreo chocolate pack of 12,,180,180,50,,6,21,
Snickers Chocolate,,175,175,50,,30,19,
Mars Chocolate Bar,,169,169,50,,30,19,
Twix Chocolate,,184,184,50,,30,19,
M&M&s Peanut Chocolate Candy,,159,159,50,,64,19,
Cadbury Dairy Milk Bubbly Milk Chocolate Pouch,,599,599,50,,27,19,
Maltesers Chocolate,,245,245,50,,124,19,
Peek Freans Smile Donut Chocolate Box,,290,290,50,,6,19,
Candy Land Super Sonnet Rs.10 (24pcs) Box,,240,240,50,,6,19,
Toblerone Milk Chocolate,,379,379,50,,25,19,
Candy Land Paradise Chocolates Rs.10 (24pcs) Box,,240,240,50,,6,19,
Candyland Mello Marshmallow Vanilla Rs.10 Chocolate Box,,180,180,50,,6,19,
Candyland MELLO Strawberry Rs.10 Chocolate Box,,180,180,50,,6,19,
Nestle Kitkat 4 Fingers Chocolate,,140,140,50,,6,19,
crave premimum dark200g,,300,300,50,,27,19,
crave premimum dark,,650,650,50,,3,19,
KOLSON Jalapeno Slanty Rs.30,,30,30,50,,8,23,
Kolson Slanty Salted Rs 20,,20,20,50,,8,23,
Lays Masala Potato Chips Rs 20,,20,20,50,,6,23,
Kolson Snackers Pizza Rs.20,,20,20,50,,8,23,
Super Crisp Catty Chins Cheese,,60,60,50,,8,23,
Kolson Snackers French Cheese,,10,10,50,,8,23,
Super Crisp Bar.B.Q,,30,30,50,,8,23,
Lays Salted Potato Chips Rs 20,,20,20,50,,8,23,
Lays Yogurt & Herb Rs 20,,20,20,50,,8,23,
Kurkure Red Chilli Rs 20,,20,20,50,,8,23,
Kurkure Chuttney Chaska Rs 20,,20,20,50,,8,23,
Super Crisp Catty Chins Cheese,,40,40,50,,8,23,
Lays Wavy Mexican Chilli Rs 20,,20,20,50,,6,23,
Bunnys Nimboo Daal Nimko,,25,25,50,,8,23,
Lays French Cheese Potato Chips Rs 40,,40,40,50,,8,23,
Lays Yogurt & Herb RS. 40,,40,40,50,,8,23,
Lays Masala Rs 40,,40,40,50,,8,23,
Lays Wavy Texas Barbeque Rs 40,,40,40,50,,8,23,
Super Crisp Nimko Mix Spicy,,50,50,50,,64,23,
Kurkure Toofani Mirch Rs 20,,20,20,50,,8,23,
Bunnys Spicy Mix Nimko,,20,20,50,,8,23,
Lays French Cheese Potato Chips Rs 60,,60,60,50,,6,23,
Lays Salted Potato Chips Rs 40,,40,40,50,,6,23,
Bunnys Daal Seu Nimko,,20,20,50,,8,23,
Super Crisp Twister Ketchup,,30,30,50,,66,23,
Super Crisp Bar.B.Q Rs.20,,20,20,50,,8,23,
Super Crisp Salted,,30,30,50,,8,23,
Pop Nosh Movie Theater Pop Corn,,90,90,50,,8,23,
Super Crisp Dal Moong Salted,,50,50,50,,76,23,
Lays Salted Potato Chips Rs 60,,60,60,50,,8,23,
Lays Wavy Texas Barbeque RS 60,,60,60,50,,8,23,
Super Crisp Bar.B.Q,,50,50,50,,8,23,
Kurkure Chutney Chaska Rs 50,,50,50,50,,8,23,
Lays Wavy Mexican Chilli Rs 40,,40,40,50,,8,23,
Lays Yogurt & Herb Rs 60,,60,60,50,,8,23,
Lays Masala Potato Chips Rs 60,,60,60,50,,8,23,
Bunnys Potato Sticks,,30,30,50,,76,23,
Kurkure Nimko Mix Rs 50,,50,50,50,,6,23,
Lay Wavy Flamin Hot Rs. 20,,20,20,50,,8,23,
Super Crisp Salted,,50,50,50,,8,23,
Super Crisp Nimko Mix Spicy,,80,80,50,,29,23,
Kolson Shackers French Cheese Rs 20,,20,20,50,,8,23,
Super Crisp Peanuts Salted,,80,80,50,,71,23,
Bunnys Nimko Mix Hot & Spicy,,30,30,50,,8,23,
Bunnys Nimko Mix Lemon & Chilli,,30,30,50,,8,23,
Bunnys Potato Sticks,,25,25,50,,8,23,
Bunnys Muncherz Snacks Lahori Nimko,,218,218,50,,27,23,
Bunnys Munchers Snacks Lemon & Chilli Nimko,,160,160,50,,27,23,
Bunnys Munchers Snacks Salt & Pepper Nimko,,160,160,50,,27,23,
Bunnys Muncherz Snacks Masoor Masala,,158,158,50,,27,23,
Bunnys Muncherz Royal Shahi Nimko,,349,349,50,,27,23,
Lays wavy Flamin Hot Rs 40,,40,40,50,,8,23,
Shezan Samarqand Sharbat,,268,268,50,,82,65,
Qarshi Jam-E-Shirin,,285,285,50,,82,65,
Rooh Afza 800ml,,280,280,50,,82,65,
Qarshi Jam-E-Shirin,,475,475,50,,125,65,
Rooh Afza 1.5 Litre,,480,480,50,,125,65,
Shezan Orange Squash,,229,229,50,,82,65,
Mitchells Orange Squash,,230,230,50,,82,65,
Mitchells Mixed Fruit Squash,,380,380,50,,126,65,
Shezan Sandal Sharbat,,270,270,50,,82,65,
Shezan Mango Squash,,392,392,50,,125,65,
Shezan Anar Sherbet,,260,260,50,,82,65,
Coca Cola (1.5Lx6),,840,840,50,,6,61,
1.5Ltr Coca Cola Soft Drink,,130,130,50,,14,61,
Sprite Drink,,130,130,50,,14,61,
Coca Cola Soft Drink,,70,70,50,,1,61,
1.5Ltr 1x6 Sprite Pet,,840,840,50,,6,61,
Sprite Lemon 500ml,,70,70,50,,1,61,
7UP Drink,,70,70,50,,1,61,
7Up Sugar Free Drink,,60,60,50,,1,61,
7Up Drink,,120,120,50,,14,61,
Sprite Drink,,95,95,50,,13,61,
Coca Cola Drink Can,,80,80,50,,15,61,
Coca Cola Drink Jumbo 2.25 Ltr,,180,180,50,,127,61,
7up 1.5 L (1*6),,720,720,50,,6,61,
Fanta Orange Soft Drink,,120,120,50,,14,61,
Pepsi - پیپسی,,120,120,50,,125,61,
Coca Cola Zero 1.5 litre,,130,130,50,,14,61,
Coca Cola 2.25 Ltr Pet (1x6),,1080,1080,50,,6,61,
Fanta Drink Can,,70,70,50,,15,61,
Sprite Zero Can,,70,70,50,,15,61,
Sprite 500ml (1*12),,840,840,50,,6,61,
Fanta Orange 1.5 L (1*6),,720,720,50,,6,61,
Pepsi Drink Can Local,,70,70,50,,15,61,
Coca Cola Drink,,95,95,50,,13,61,
Coca Cola Zero Drink,,70,70,50,,1,61,
Coca Cola Zero Drink Can,,75,75,50,,15,61,
Coca Cola 500 ML Pet (1x12),,820,820,50,,6,61,
Sprite Soft Drink Jumbo  2.25 Ltr,,155,155,50,,127,61,
Pepsi Drink - پیپسی,,58,58,50,,1,61,
Sprite Drink Can,,70,70,50,,15,61,
Fanta Orange Flavour Carbonated Drink,,65,65,50,,1,61,
Mountain Dew,,105,105,50,,125,61,
Fanta Orange Soft Drink,,90,90,50,,13,61,
Pepsi 1.5 Litre (1x6),,720,720,50,,6,61,
7Up Sugar Free Drink,,120,120,50,,14,61,
Nescafe Chilled Mocha 200ml,,90,90,50,,24,61,
7Up Can,,60,60,50,,15,61,
7Up Free 250ml Can,,60,60,50,,15,61,
Sprite Zero 500ml,,70,70,50,,1,61,
Nescafe Chilled Latte,,85,85,50,,24,61,
Sprite Mint Flavor 500ml,,70,70,50,,1,61,
Sprite Lemon & Lime Flavour Can,,70,70,50,,128,61,
NESCAFE CHILLED LATTE Bottle,,120,120,50,,129,61,
Nestle Fruita Vitals Sparkling Lime 250ml Can,,99,99,50,,15,61,
Slice Mango Fruit Drink,,30,30,50,,24,63,
Shezan Mango Juice,,25,25,50,,15,63,
Fruitien Juice Joy Mango Juice,,25,25,50,,24,63,
Fruitien Joy Mango Juice,,119,119,50,,13,63,
Fruitien Chaunsa Mango Nectar Juice,,190,190,50,,13,63,
Tang PineApple Flavoured Sachet,,60,60,50,,37,63,
Nestle Nesfruta Apple Juice 200ml,,35,35,50,,24,63,
Nestle Fruita Vitals Red Grapes 200ml,,50,50,50,,24,63,
Fruitien Joy Apple Juice,,25,25,50,,24,63,
Fruitien Juice Chaunsa Mango Nectar Juice,,45,45,50,,24,63,
Fruitien Orange Juice,,45,45,50,,24,63,
Lipton Yellow Label Pouch,,1750,1750,50,,5,77,
Lipton Yellow Label Pouch,,849,849,50,,130,77,
Lipton Yellow Label Finest Tea Blend Tea Bags Black Tea,,349,349,50,,131,77,
Tapal Danedar Tea,,1520,1520,50,,5,77,
Tapal Danedar Tea,,150,150,50,,132,77,
Brooke Bond Supreme Pouch,,1550,1550,50,,5,77,
Tapal Danedar Teabags Ktb 200 gm 100pcs,,599,599,50,,6,77,
Tapal Tezdum Tea,,675,675,50,,130,77,
Food Net Kabuli Kehwah,,110,110,50,,30,77,
Oreal MoringaTea,,410,410,50,,133,77,
Oreal Cinnamon Tea,,410,410,50,,133,77,
Oreal Senna Mekki Tea,,410,410,50,,133,77,
Oreal Turmeric Tea,,410,410,50,,133,77,
Oreal Tea Of Life,,410,410,50,,133,77,
Oreal Black Seed Tea,,410,410,50,,133,77,
Lipton Yellow Lable Finest Black Tea,,370,370,50,,36,77,
Lipton Yellow Lable Finest Black Tea,,190,190,50,,79,77,
Lipton Yellow Label Tea Bags,,660,660,50,,134,77,
Lipton Yellow Label Jar,,999,999,50,,28,77,
450gm Tapal Danedar Black Tea,,699,699,50,,103,77,
Tapal Danedar Tea,,290,290,50,,36,77,
Brooke Bond Supreme Pouch,,780,780,50,,130,77,
Tapal Danedar Black Tea,,550,550,50,,44,77,
Brooke Bond Supreme,,330,330,50,,36,77,
Tapal Danedar Tea 25 Tea bags,,160,160,50,,6,77,
Tapal Danedar Tea Jar,,689,689,50,,103,77,
Brooke Bond Supreme Tea New Improved Taste,,160,160,50,,79,77,
Tapal Danedar Tea,,20,20,50,,135,77,
Tapal Danedar Elaichi Flavoured Tea,,185,185,50,,132,77,
Tapal Green Tea Selection Pack Tea Bags,,199,199,50,,72,77,
Tapal Family Mixture Tea,,650,650,50,,28,77,
Tapal Family Mixture Tea,,280,280,50,,32,77,
Lipton Green Tea Lemon Zest 25 Tea Bags,,200,200,50,,6,77,
Tapal Tezdum Tea Pouch 900gm,,1350,1350,50,,5,77,
Tapal Family Mixture Economy Pack Tea,,1350,1350,50,,5,77,
Lipton Yellow Label Tea,,20,20,50,,136,77,
Tapal Green Elaichi Tea Bags 45 gm 30pcs,,199,199,50,,6,77,
Tapal Green Moroccan Mint Tea Bags 45 gm 30pcs,,180,180,50,,6,77,
Brooke Bond Supreme Black Tea Jar,,900,900,50,,103,77,
Tapal Danedar round tea bags 40gm 16 pc,,99,99,50,,6,77,
Brooke Bond Supreme Black Tea,,20,20,50,,136,77,
Tapal Green Tea Lemon Grass jar,,170,170,50,,25,77,
Nescafe 3 In 1 Instant Coffee Sachet,,45,45,50,,6,77,
Aik Cheong White Coffee,,165,165,50,,76,77,
100gm Nescafe Classic Jar,,869,869,50,,25,77,
50gm Nescafe Classic Jar,,519,519,50,,30,77,
Klassno original  3 in 1 coffee mix,,50,50,50,,66,77,
Aquafina Pure Mineral Water,,70,70,50,,125,79,
Aquafina Mineral Water,,40,40,50,,1,79,
Dasani Mineral Water 1.5 L (1*6),,460,460,50,,6,79,
Dasani Mineral Water,,35,35,50,,1,79,
Nestle Pure Life Water 1.5 Litre,,75,75,50,,14,79,
Nestle Pure Life Water 500ml,,40,40,50,,1,79,
Dasani Mineral Water,,70,70,50,,125,79,
Tang Orange Sachet Pack,,65,65,50,,37,79,
Nestle Milo Powder 15g,,40,40,50,,135,79,
Nestle Milo Active Go Powder,,580,580,50,,46,79,
Tang Mango Sachet,,88,88,50,,37,79,
Nestle Milo Active Go,,899,899,50,,3,79,
Day Fresh Strawberry Flavoured Milk,,65,65,50,,137,79,
PREMA CHOCOLATE MILK 180ML,,75,75,50,,6,79,
180ml Milo Active-Go Drink Nestle,,60,60,50,,16,79,
Olpers Chocolate Flavored Milk 180ml,,63,63,50,,16,79,
Day Fresh Chocolate Flavoured Milk,,65,65,50,,137,79,
Nurpur Flavoured Milk Badaam & Zafran,,49,49,50,,24,79,